<?xml version="1.0" encoding="UTF-8"?>
<project-private xmlns="http://www.netbeans.org/ns/project-private/1">
    <editor-bookmarks xmlns="http://www.netbeans.org/ns/editor-bookmarks/2" lastBookmarkId="0"/>
    <open-files xmlns="http://www.netbeans.org/ns/projectui-open-files/2">
        <group>
            <file>file:/C:/Users/ragan/OneDrive/Área%20de%20Trabalho/NetBeansProjects/TestFile(1)/TestFile/src/ScreensAndControllers/HomeScreenController.java</file>
            <file>file:/C:/Users/ragan/OneDrive/Área%20de%20Trabalho/NetBeansProjects/TestFile(1)/TestFile/src/ScreensAndControllers/LoginScreenController.java</file>
            <file>file:/C:/Users/ragan/OneDrive/Área%20de%20Trabalho/NetBeansProjects/TestFile(1)/TestFile/src/ScreensAndControllers/HomeScreen.fxml</file>
        </group>
    </open-files>
</project-private>
